{"0": {"pos": {"x": 216, "y": 224}, "type": "bin", "neighbors": {"2": 322.12109524214645}}, "1": {"pos": {"x": 577, "y": 260}, "type": "node", "neighbors": {"2": 149.4958193395387, "1": 0.0, "3": 150.65855435387664, "5": 292.88222889072665}}, "2": {"pos": {"x": 495, "y": 385}, "type": "node", "neighbors": {"1": 149.4958193395387, "0": 322.12109524214645}}, "3": {"pos": {"x": 664, "y": 137}, "type": "node", "neighbors": {"3": 0.0, "1": 150.65855435387664, "6": 55.44366510251645}}, "5": {"pos": {"x": 415, "y": 504}, "type": "node", "neighbors": {"1": 292.88222889072665, "12": 63.00793600809346}}, "6": {"pos": {"x": 699, "y": 94}, "type": "node", "neighbors": {"7": 156.92354826475216, "3": 55.44366510251645}}, "7": {"pos": {"x": 779, "y": 229}, "type": "node", "neighbors": {"8": 132.9135057095403, "6": 156.92354826475216}}, "8": {"pos": {"x": 724, "y": 350}, "type": "node", "neighbors": {"9": 128.70120434556935, "7": 132.9135057095403}}, "9": {"pos": {"x": 654, "y": 458}, "type": "node", "neighbors": {"10": 113.07077429645558, "8": 128.70120434556935}}, "10": {"pos": {"x": 583, "y": 546}, "type": "node", "neighbors": {"11": 102.39628899525607, "9": 113.07077429645558}}, "11": {"pos": {"x": 529, "y": 633}, "type": "node", "neighbors": {"12": 169.95587662684687, "10": 102.39628899525607}}, "12": {"pos": {"x": 378, "y": 555}, "type": "node", "neighbors": {"11": 169.95587662684687, "5": 63.00793600809346}}}